{
    "Id": "cmake-test-modules",
    "Name": "cmake-test-modules",
    "QDocModule": "qtcore",
    "QtUsage": "Used as part of the build system.",
    "QtParts" : [ "tests" ],

    "Description": "CMake helpers for running CMake tests.",
    "Homepage": "https://cmake.org/",
    "Version": "3.29.0",

    "License": "BSD 3-Clause \"New\" or \"Revised\" License",
    "LicenseId": "BSD-3-Clause",
    "LicenseFile": "Copyright.txt",
    "Copyright": "Copyright © 2000-2024 Kitware, Inc. and Contributors"
}
